"origem","destino","acao","bytes","sha256","categoria","observacao"
".gitignore","historico/configuracao/gitignore_legado.txt","ARQUIVADO","4846","6FD71CCF0550299202692BD67D90003C517349E553CAE201251D6682E46B6FD4","historico","Configuração antiga preservada; a raiz receberá uma versão nova."
"cd","","EXCLUIDO","0","E3B0C44298FC1C149AFBF4C8996FB92427AE41E4649B934CA495991B7852B855","acidental","Arquivo vazio criado por comando digitado incorretamente."
"controle/.gitkeep","","EXCLUIDO","2","7EB70257593DA06F682A3DDDA54A9D260D4FC514F645237F5CA74B08F8DA61A6","experimento","Desnecessário na estrutura nova."
"controle/Controle de Campanhas.pdf","experimentos/2026-08-04_campanha-01-diagnostica/relatorios/controle-de-campanha.pdf","RENOMEADO","48545","970DFDA39BCECE1E2F8C352B73A406A99F3B905950DEFE0383EB930842D81E07","experimento",""
"controle/Duplicidades.pdf","experimentos/2026-08-04_campanha-01-diagnostica/relatorios/duplicidades.pdf","RENOMEADO","3970768","4AC20AAEB14E2E0C054BA0D4A7B1613D6AD3529C5AD47ACFC4C176BCE4F8F25D","experimento",""
"controle/Regra de Consolidação.pdf","experimentos/2026-08-04_campanha-01-diagnostica/relatorios/regra-de-consolidacao.pdf","RENOMEADO","39657","C0F0074C41AB9CE20D31CDC263CA858B897E6EE6E00B290BD6C32B36E5C14B4E","experimento",""
"dados/brutos/.gitkeep","","EXCLUIDO","2","7EB70257593DA06F682A3DDDA54A9D260D4FC514F645237F5CA74B08F8DA61A6","dados","Desnecessário porque a pasta contém dados reais."
"dados/brutos/leituras.csv","dados/brutos/campanha-01/leituras.csv","COPIADO","3217987","4E53B0999A6A9329E78B1D904B1900C71A185E80482241263715CA6F51DAD3CA","dados",""
"dados/consolidar_base.py","dados/scripts/consolidar_base.py","COPIADO","2692","7D3F599210FF17D57D6F3C163EFF43C06A129C78B5C488565E67E03D150EA915","dados",""
"dados/processados/.gitkeep","","EXCLUIDO","2","7EB70257593DA06F682A3DDDA54A9D260D4FC514F645237F5CA74B08F8DA61A6","dados","Desnecessário porque a pasta contém dados reais."
"dados/processados/base_consolidada.csv","dados/processados/campanha-01/base_consolidada_media.csv","RENOMEADO","846913","B5ADA05955A9A1254EF59611B868E4032213B158AF67DEF0505195C60EF62B24","dados","Resultado produzido pelo script atual, que aplica média por segundo."
"dados/README.md","dados/README.md","ADAPTADO","3590","1D490D4B02DBB16FF4CCB271141FEB1594BC9C0D8362A60E3A70BA83D66F5BBD","dados","Caminho do script será ajustado."
"docs/calibracao.md","docs/calibracao.md","COPIADO","3734","F9E6EFA0E6B81AE4A5409DC77A709A1AFA8D345C1202483E133CF19C4C458EC9","documentacao",""
"docs/controle_campanhas.md","docs/controle_campanhas.md","COPIADO","3877","300A31907DE8BB77971C17B2D3DDD437F26B4EA6A66E4AA1EEEFEBB08477694D","documentacao",""
"docs/cronograma.md","docs/cronograma.md","COPIADO","2550","AFB7819B41472A7851FC3E54F7138EBBCBFAB2F430B9B87580B066DCEB7D21B7","documentacao",""
"docs/decisoes.md","docs/decisoes.md","COPIADO","4058","A215B2CEA1AA80E2DA1056872B92018FFF142CFCB1453501563575FE9B056BC0","documentacao",""
"docs/diario.md","docs/diario.md","COPIADO","1990","683E07B9E33E409EF114EFDD2287E2E6ADBA84CCB40117E20013AA343582455D","documentacao",""
"docs/firmware.md","docs/firmware.md","COPIADO","3791","876FBFA98AC7F0FC7DE289E120C4213EE0FCE31DDB4A53044AB04FD197FCE4A4","documentacao",""
"docs/imagens/CI.jpg","hardware/evidencias/fotos/CI.jpg","DEDUPLICADO","4101325","B8A2F9089FFDF317574D6455C67B2657E90F9016A3A31B4572789BED66F725DE","hardware","Imagem idêntica à evidência canônica já copiada."
"docs/imagens/cI01.jpg","hardware/evidencias/fotos/cI01.jpg","COPIADO","9527540","3E2DA34D851C69CA1BAF1F1AE28E042B5B89A286B4148112775A2C24A0518CBE","hardware",""
"docs/imagens/Div_tensao.jpg","hardware/evidencias/fotos/Div_tensao.jpg","COPIADO","3449985","329A0240E14D980EA512D737CE79DF8755C2B8EF9AB127EE21BEDC08232FFB00","hardware",""
"docs/imagens/multimetro_divisor.jpg","hardware/evidencias/fotos/multimetro_divisor.jpg","COPIADO","2111688","723B47DB34C2FE344EB85E7B11D27E00A8681DBCA8A9089F9C5DD1A766036056","hardware",""
"docs/imagens/P2.jpg","hardware/evidencias/fotos/P2.jpg","COPIADO","3467381","D6790117948C9A221E64DB6277266AC81AFC3C1D95603FDAE608F5F430B7C239","hardware",""
"docs/metodologia.md","docs/metodologia.md","COPIADO","5972","C90250A6BC9E79B1E005975BF93760756D0AA9DC05AAFACCA759C76248E075E2","documentacao",""
"docs/metrologia.md","docs/metrologia.md","COPIADO","4475","376D0B094880E1BF1B6999DEF261BC08090B1611885302E5583B46113DC1143D","documentacao",""
"docs/pendencias_informacao.md","docs/pendencias_informacao.md","COPIADO","2820","E378E2CBC84E827BAD31E9EA04562151461FAA1234D6E4CE46F191E0BDF9ED34","documentacao",""
"docs/projeto.md","docs/projeto.md","COPIADO","4932","82C0E292CB8BAEBFD4FC0797E5DFACDD63A2D20DDB9B677B6224ECB96AB9281E","documentacao",""
"docs/referencias.md","docs/referencias.md","COPIADO","3078","6D4ACD34948F509D86CF178AC6D78468C7388CF537CCB43F692E062F9C7D00A2","documentacao",""
"docs/reunioes.md","docs/reunioes.md","COPIADO","1747","0A548D0542AC2057DCD85EDB12AC7D8D85FD68E8511CA78A633EAB94D0E42D7B","documentacao",""
"esquematicos/divisorTensao.png","hardware/esquematicos/divisorTensao.png","DEDUPLICADO","154151","B2F716F478EF0C79E635FD4F494EBFC680BA38D3F8051969AAFEA8DA2F2EF7B2","hardware","Cópia binariamente idêntica."
"experimentos/README.md","experimentos/README.md","COPIADO","1098","E8D0054914F88E4242A41879D1ACF14D40B8B44A9B3A8C694B55C312C816487C","experimento",""
"FETCH_HEAD","","EXCLUIDO","0","E3B0C44298FC1C149AFBF4C8996FB92427AE41E4649B934CA495991B7852B855","acidental","Arquivo vazio de metadado Git salvo fora de .git."
"firmware/Firmware/ADJUSTMENTS.md","firmware/docs/ADJUSTMENTS.md","COPIADO","827","1C6A969F939D3DA0F1D297A0F166799E7841EEB8AE8253F41508FDF08F051697","firmware",""
"firmware/Firmware/ARCHITECTURE.md","firmware/docs/ARCHITECTURE.md","ADAPTADO","10232","88BB9DA3819CDC9C3662B1779DDF450FC4A6FAE239611F51503B2835F5EC4F18","firmware","Links serão ajustados à nova estrutura."
"firmware/Firmware/EXPLAIN.md","firmware/docs/EXPLAIN.md","ADAPTADO","11753","7E83D53C48AF9ACF45EECB25C961A3068747878752CB8A9A90842775E6112208","firmware","Links serão ajustados à nova estrutura."
"firmware/Firmware/main.cpp","firmware/src/main.cpp","COPIADO","8563","F856625BCDF2A1897ECA1A8A8655DE376266F7269C664B7ACA59A71DCC97F365","firmware",""
"firmware/Firmware/README.md","firmware/README.md","ADAPTADO","2663","5335126B288B9CEBF0A61CE03DDDDB49C6EE661C26BB039FC5951DD52643AC5A","firmware","Links serão ajustados à nova estrutura."
"firmware/Histórico_bancada/main.py","historico/firmware/bancada/main.py","COPIADO","6991","E5451FA78B373C2AB593BB47AF584C51AE4C4D3E44E0BCDE3A08703E5F3C112A","historico",""
"firmware/Histórico_bancada/README_Histórico.md","","EXCLUIDO","0","E3B0C44298FC1C149AFBF4C8996FB92427AE41E4649B934CA495991B7852B855","historico","Placeholder vazio; a pasta é preservada por arquivos reais ou documentação."
"firmware/Histórico_bancada/teste_bancada.ino","historico/firmware/bancada/teste_bancada.ino","COPIADO","9109","FEF87073E6483DD2C5E989D25C76D42581BA1A835C9B7CE1C9DB4C1D05C7EAF5","historico",""
"fotos/CI.jpg","hardware/evidencias/fotos/CI.jpg","DEDUPLICADO","4101325","B8A2F9089FFDF317574D6455C67B2657E90F9016A3A31B4572789BED66F725DE","hardware","Cópia binariamente idêntica."
"git","","EXCLUIDO","0","E3B0C44298FC1C149AFBF4C8996FB92427AE41E4649B934CA495991B7852B855","acidental","Arquivo vazio criado por comando digitado incorretamente."
"hardware/esquema-de-ligacao.md","hardware/esquema-de-ligacao.md","COPIADO","4077","BE5BA930251B5C5437B02942A87DA96D6184873A4CDB56DC39BFDAA043A349CD","hardware",""
"hardware/esquematicos/divisorTensao.png","hardware/esquematicos/divisorTensao.png","COPIADO","154151","B2F716F478EF0C79E635FD4F494EBFC680BA38D3F8051969AAFEA8DA2F2EF7B2","hardware",""
"hardware/fotos/CI.jpg","hardware/evidencias/fotos/CI.jpg","COPIADO","4101325","B8A2F9089FFDF317574D6455C67B2657E90F9016A3A31B4572789BED66F725DE","hardware",""
"hardware/lista-de-componentes.md","hardware/lista-de-componentes.md","COPIADO","2773","145F4F735539FC4B588C1D486AE6B38C1B7826C9D0D29A418913A277C7775BBB","hardware",""
"hardware/montagem.md","hardware/montagem.md","COPIADO","3546","0FDD2D2C1E5465FFB660C36F80EB0039BC6987A353CBD7DEDDC13DB68A39ED5D","hardware",""
"hardware/README.md","hardware/README.md","COPIADO","4062","7D6799C9A949A60852C1CD986E158C1DCF187F7CFDF319AB34A94BFB93785FD2","hardware",""
"monitoramento-energetico.zip","","EXPANDIDO","48151132","1EE7BC0F4B7A2E54BCD447DF496FBF33269973EE284D36C3B7FD163CBCCFED93","arquivo-compactado","Metadados .git omitidos; arquivos únicos preservados no histórico."
"monitoramento-energetico.zip!monitoramento-energetico/.git/COMMIT_EDITMSG","","EXCLUIDO","27","","metadado-git","Metadado Git interno não é conteúdo do projeto."
"monitoramento-energetico.zip!monitoramento-energetico/.git/config","","EXCLUIDO","305","","metadado-git","Metadado Git interno não é conteúdo do projeto."
"monitoramento-energetico.zip!monitoramento-energetico/.git/description","","EXCLUIDO","73","","metadado-git","Metadado Git interno não é conteúdo do projeto."
"monitoramento-energetico.zip!monitoramento-energetico/.git/FETCH_HEAD","","EXCLUIDO","103","","metadado-git","Metadado Git interno não é conteúdo do projeto."
"monitoramento-energetico.zip!monitoramento-energetico/.git/HEAD","","EXCLUIDO","21","","metadado-git","Metadado Git interno não é conteúdo do projeto."
"monitoramento-energetico.zip!monitoramento-energetico/.git/hooks/applypatch-msg.sample","","EXCLUIDO","478","","metadado-git","Metadado Git interno não é conteúdo do projeto."
"monitoramento-energetico.zip!monitoramento-energetico/.git/hooks/commit-msg.sample","","EXCLUIDO","896","","metadado-git","Metadado Git interno não é conteúdo do projeto."
"monitoramento-energetico.zip!monitoramento-energetico/.git/hooks/fsmonitor-watchman.sample","","EXCLUIDO","4726","","metadado-git","Metadado Git interno não é conteúdo do projeto."
"monitoramento-energetico.zip!monitoramento-energetico/.git/hooks/post-update.sample","","EXCLUIDO","189","","metadado-git","Metadado Git interno não é conteúdo do projeto."
"monitoramento-energetico.zip!monitoramento-energetico/.git/hooks/pre-applypatch.sample","","EXCLUIDO","424","","metadado-git","Metadado Git interno não é conteúdo do projeto."
"monitoramento-energetico.zip!monitoramento-energetico/.git/hooks/pre-commit.sample","","EXCLUIDO","1643","","metadado-git","Metadado Git interno não é conteúdo do projeto."
"monitoramento-energetico.zip!monitoramento-energetico/.git/hooks/pre-merge-commit.sample","","EXCLUIDO","416","","metadado-git","Metadado Git interno não é conteúdo do projeto."
"monitoramento-energetico.zip!monitoramento-energetico/.git/hooks/pre-push.sample","","EXCLUIDO","1374","","metadado-git","Metadado Git interno não é conteúdo do projeto."
"monitoramento-energetico.zip!monitoramento-energetico/.git/hooks/pre-rebase.sample","","EXCLUIDO","4898","","metadado-git","Metadado Git interno não é conteúdo do projeto."
"monitoramento-energetico.zip!monitoramento-energetico/.git/hooks/pre-receive.sample","","EXCLUIDO","544","","metadado-git","Metadado Git interno não é conteúdo do projeto."
"monitoramento-energetico.zip!monitoramento-energetico/.git/hooks/prepare-commit-msg.sample","","EXCLUIDO","1492","","metadado-git","Metadado Git interno não é conteúdo do projeto."
"monitoramento-energetico.zip!monitoramento-energetico/.git/hooks/push-to-checkout.sample","","EXCLUIDO","2783","","metadado-git","Metadado Git interno não é conteúdo do projeto."
"monitoramento-energetico.zip!monitoramento-energetico/.git/hooks/sendemail-validate.sample","","EXCLUIDO","2308","","metadado-git","Metadado Git interno não é conteúdo do projeto."
"monitoramento-energetico.zip!monitoramento-energetico/.git/hooks/update.sample","","EXCLUIDO","3650","","metadado-git","Metadado Git interno não é conteúdo do projeto."
"monitoramento-energetico.zip!monitoramento-energetico/.git/index","","EXCLUIDO","3387","","metadado-git","Metadado Git interno não é conteúdo do projeto."
"monitoramento-energetico.zip!monitoramento-energetico/.git/info/exclude","","EXCLUIDO","240","","metadado-git","Metadado Git interno não é conteúdo do projeto."
"monitoramento-energetico.zip!monitoramento-energetico/.git/logs/HEAD","","EXCLUIDO","568","","metadado-git","Metadado Git interno não é conteúdo do projeto."
"monitoramento-energetico.zip!monitoramento-energetico/.git/logs/refs/heads/main","","EXCLUIDO","568","","metadado-git","Metadado Git interno não é conteúdo do projeto."
"monitoramento-energetico.zip!monitoramento-energetico/.git/logs/refs/remotes/origin/HEAD","","EXCLUIDO","206","","metadado-git","Metadado Git interno não é conteúdo do projeto."
"monitoramento-energetico.zip!monitoramento-energetico/.git/objects/01/e112e60cb68ae8c76cacd445e26b4c2dd8f699","","EXCLUIDO","274","","metadado-git","Metadado Git interno não é conteúdo do projeto."
"monitoramento-energetico.zip!monitoramento-energetico/.git/objects/0a/ada7aeba8bfc6a43dee9ab40e1cdba617dc953","","EXCLUIDO","8759032","","metadado-git","Metadado Git interno não é conteúdo do projeto."
"monitoramento-energetico.zip!monitoramento-energetico/.git/objects/11/2258d181c2c5a0f04fef15a1ebea795c809eb9","","EXCLUIDO","4083398","","metadado-git","Metadado Git interno não é conteúdo do projeto."
"monitoramento-energetico.zip!monitoramento-energetico/.git/objects/1e/788b66aca3aa03e1831e08b532d44c29fc8057","","EXCLUIDO","172","","metadado-git","Metadado Git interno não é conteúdo do projeto."
"monitoramento-energetico.zip!monitoramento-energetico/.git/objects/28/05450fc0a74162dee759119d80dbb77a37ac44","","EXCLUIDO","82","","metadado-git","Metadado Git interno não é conteúdo do projeto."
"monitoramento-energetico.zip!monitoramento-energetico/.git/objects/2a/6fe08c0ec8b154305f0e3f2c3ccfdf28b33098","","EXCLUIDO","30652","","metadado-git","Metadado Git interno não é conteúdo do projeto."
"monitoramento-energetico.zip!monitoramento-energetico/.git/objects/2e/be394ab2d6f56a9239c9d57f40fa4e3051472c","","EXCLUIDO","3449083","","metadado-git","Metadado Git interno não é conteúdo do projeto."
"monitoramento-energetico.zip!monitoramento-energetico/.git/objects/39/d448454975e1ee3bddbd175c59a23639c77238","","EXCLUIDO","61","","metadado-git","Metadado Git interno não é conteúdo do projeto."
"monitoramento-energetico.zip!monitoramento-energetico/.git/objects/3e/9cf330a7cae9e5ad7fd7131704a11465ade822","","EXCLUIDO","95","","metadado-git","Metadado Git interno não é conteúdo do projeto."
"monitoramento-energetico.zip!monitoramento-energetico/.git/objects/41/82138dc4cfbae0992133addfc4b4d819243e96","","EXCLUIDO","60","","metadado-git","Metadado Git interno não é conteúdo do projeto."
"monitoramento-energetico.zip!monitoramento-energetico/.git/objects/41/efbca802f175e05ecfbf501b9ad60ae4bddbb2","","EXCLUIDO","140380","","metadado-git","Metadado Git interno não é conteúdo do projeto."
"monitoramento-energetico.zip!monitoramento-energetico/.git/objects/4d/7262d6b5910d1cbac7ed32b7661f0131107156","","EXCLUIDO","13656","","metadado-git","Metadado Git interno não é conteúdo do projeto."
"monitoramento-energetico.zip!monitoramento-energetico/.git/objects/4d/98cc5c73c524c94c2543465979faf8d0971bd5","","EXCLUIDO","89","","metadado-git","Metadado Git interno não é conteúdo do projeto."
"monitoramento-energetico.zip!monitoramento-energetico/.git/objects/57/e9895d67e981f1d90197512f221e52c8da52f1","","EXCLUIDO","182","","metadado-git","Metadado Git interno não é conteúdo do projeto."
"monitoramento-energetico.zip!monitoramento-energetico/.git/objects/70/786c264bfc18333c895db5f31f8aeb96d38b58","","EXCLUIDO","5857","","metadado-git","Metadado Git interno não é conteúdo do projeto."
"monitoramento-energetico.zip!monitoramento-energetico/.git/objects/72/00d04443c0960fb716b7aed1f6a7448cffc8c2","","EXCLUIDO","125","","metadado-git","Metadado Git interno não é conteúdo do projeto."
"monitoramento-energetico.zip!monitoramento-energetico/.git/objects/75/615380be7af9a8c51983258213ec4afcb03e94","","EXCLUIDO","2531","","metadado-git","Metadado Git interno não é conteúdo do projeto."
"monitoramento-energetico.zip!monitoramento-energetico/.git/objects/77/63c5b9f3a27cf816f5d32cb160cb0f2fca1299","","EXCLUIDO","219","","metadado-git","Metadado Git interno não é conteúdo do projeto."
"monitoramento-energetico.zip!monitoramento-energetico/.git/objects/80/3013ea9953b5437ec2989cec69bae3b4ec794a","","EXCLUIDO","4012","","metadado-git","Metadado Git interno não é conteúdo do projeto."
"monitoramento-energetico.zip!monitoramento-energetico/.git/objects/93/6f99220b418ba02c3b747ec3690429256b3379","","EXCLUIDO","1681","","metadado-git","Metadado Git interno não é conteúdo do projeto."
"monitoramento-energetico.zip!monitoramento-energetico/.git/objects/97/ced669a94d9d47af2f4709cc622835743299e8","","EXCLUIDO","3431785","","metadado-git","Metadado Git interno não é conteúdo do projeto."
"monitoramento-energetico.zip!monitoramento-energetico/.git/objects/a8/c2039b7e7128e3f730363af5ab07f6e2c96a9a","","EXCLUIDO","84","","metadado-git","Metadado Git interno não é conteúdo do projeto."
"monitoramento-energetico.zip!monitoramento-energetico/.git/objects/c0/aefff3e523613866ab1428fd604d132c0cff2b","","EXCLUIDO","79","","metadado-git","Metadado Git interno não é conteúdo do projeto."
"monitoramento-energetico.zip!monitoramento-energetico/.git/objects/c6/3120e242570ec23e4e6923e13d0b555d96b75d","","EXCLUIDO","1820","","metadado-git","Metadado Git interno não é conteúdo do projeto."
"monitoramento-energetico.zip!monitoramento-energetico/.git/objects/ce/04d0a0f2062684ec22ec1d253abc11aef26e14","","EXCLUIDO","1371","","metadado-git","Metadado Git interno não é conteúdo do projeto."
"monitoramento-energetico.zip!monitoramento-energetico/.git/objects/d3/a9a2fa46b071f133850ba07d7bf94775d921ca","","EXCLUIDO","1120","","metadado-git","Metadado Git interno não é conteúdo do projeto."
"monitoramento-energetico.zip!monitoramento-energetico/.git/objects/d5/64d0bc3dd917926892c55e3706cc116d5b165e","","EXCLUIDO","53","","metadado-git","Metadado Git interno não é conteúdo do projeto."
"monitoramento-energetico.zip!monitoramento-energetico/.git/objects/dc/b6930605d26679b46cbcf17b2900fe3e3f587d","","EXCLUIDO","73","","metadado-git","Metadado Git interno não é conteúdo do projeto."
"monitoramento-energetico.zip!monitoramento-energetico/.git/objects/e6/86f9a420d0f54c7908e8a2dfa4a2df4fdf20fb","","EXCLUIDO","235","","metadado-git","Metadado Git interno não é conteúdo do projeto."
"monitoramento-energetico.zip!monitoramento-energetico/.git/objects/e6/9de29bb2d1d6434b8b29ae775ad8c2e48c5391","","EXCLUIDO","15","","metadado-git","Metadado Git interno não é conteúdo do projeto."
"monitoramento-energetico.zip!monitoramento-energetico/.git/objects/e7/bd87153f7df272eed469d664d2c45a67ce7c33","","EXCLUIDO","1696","","metadado-git","Metadado Git interno não é conteúdo do projeto."
"monitoramento-energetico.zip!monitoramento-energetico/.git/objects/ee/148e98fb181b76e1758da58fc2457e264a14cd","","EXCLUIDO","2087481","","metadado-git","Metadado Git interno não é conteúdo do projeto."
"monitoramento-energetico.zip!monitoramento-energetico/.git/objects/f0/48429e5efd4cacc02d700e71def0d7ac69c6da","","EXCLUIDO","1658","","metadado-git","Metadado Git interno não é conteúdo do projeto."
"monitoramento-energetico.zip!monitoramento-energetico/.git/objects/f1/6b8a1bd43d03a0b1f10bd10fcb65e2ff46867b","","EXCLUIDO","177","","metadado-git","Metadado Git interno não é conteúdo do projeto."
"monitoramento-energetico.zip!monitoramento-energetico/.git/objects/pack/pack-633089b9e2c1270e394f9859e05e42fd48c88e17.idx","","EXCLUIDO","1828","","metadado-git","Metadado Git interno não é conteúdo do projeto."
"monitoramento-energetico.zip!monitoramento-energetico/.git/objects/pack/pack-633089b9e2c1270e394f9859e05e42fd48c88e17.pack","","EXCLUIDO","13898","","metadado-git","Metadado Git interno não é conteúdo do projeto."
"monitoramento-energetico.zip!monitoramento-energetico/.git/objects/pack/pack-633089b9e2c1270e394f9859e05e42fd48c88e17.rev","","EXCLUIDO","160","","metadado-git","Metadado Git interno não é conteúdo do projeto."
"monitoramento-energetico.zip!monitoramento-energetico/.git/ORIG_HEAD","","EXCLUIDO","41","","metadado-git","Metadado Git interno não é conteúdo do projeto."
"monitoramento-energetico.zip!monitoramento-energetico/.git/packed-refs","","EXCLUIDO","112","","metadado-git","Metadado Git interno não é conteúdo do projeto."
"monitoramento-energetico.zip!monitoramento-energetico/.git/refs/heads/main","","EXCLUIDO","41","","metadado-git","Metadado Git interno não é conteúdo do projeto."
"monitoramento-energetico.zip!monitoramento-energetico/.git/refs/remotes/origin/HEAD","","EXCLUIDO","30","","metadado-git","Metadado Git interno não é conteúdo do projeto."
"monitoramento-energetico.zip!monitoramento-energetico/.gitignore","historico/repositorio-compactado/.gitignore","EXTRAIDO","4628","FE07AEAE2CFD1FF2CE4C0C5911DFBB550A3F1065E213175039ABADFC3A5A15BB","historico","Versão única encontrada no ZIP antigo."
"monitoramento-energetico.zip!monitoramento-energetico/dados/brutos/leituras.csv","historico/repositorio-compactado/dados/brutos/leituras.csv","EXTRAIDO","315146","86AB6E0D87A63AC9B0CEAE9E1CF78F513B3F2213BB5177140029796F18D35BCB","historico","Versão única encontrada no ZIP antigo."
"monitoramento-energetico.zip!monitoramento-energetico/docs/calibracao.md","historico/repositorio-compactado/docs/calibracao.md","EXTRAIDO","3490","6918B3EC6DE5EE76F1AD40EB7B305D2AA7882A076AD05B036205499B25348AA7","historico","Versão única encontrada no ZIP antigo."
"monitoramento-energetico.zip!monitoramento-energetico/docs/firmware.md","historico/repositorio-compactado/docs/firmware.md","EXTRAIDO","12094","435E8BB104290455252B336213ACF313D0C6A7B3B49C356E35E629D02FA8A180","historico","Versão única encontrada no ZIP antigo."
"monitoramento-energetico.zip!monitoramento-energetico/docs/imagens/CI.jpg","hardware/evidencias/fotos/CI.jpg","DEDUPLICADO","4101325","B8A2F9089FFDF317574D6455C67B2657E90F9016A3A31B4572789BED66F725DE","arquivo-compactado","Conteúdo idêntico a arquivo já preservado."
"monitoramento-energetico.zip!monitoramento-energetico/docs/imagens/cI01.jpg","hardware/evidencias/fotos/cI01.jpg","DEDUPLICADO","9527540","3E2DA34D851C69CA1BAF1F1AE28E042B5B89A286B4148112775A2C24A0518CBE","arquivo-compactado","Conteúdo idêntico a arquivo já preservado."
"monitoramento-energetico.zip!monitoramento-energetico/docs/imagens/Div_tensao.jpg","hardware/evidencias/fotos/Div_tensao.jpg","DEDUPLICADO","3449985","329A0240E14D980EA512D737CE79DF8755C2B8EF9AB127EE21BEDC08232FFB00","arquivo-compactado","Conteúdo idêntico a arquivo já preservado."
"monitoramento-energetico.zip!monitoramento-energetico/docs/imagens/multimetro_divisor.jpg","hardware/evidencias/fotos/multimetro_divisor.jpg","DEDUPLICADO","2111688","723B47DB34C2FE344EB85E7B11D27E00A8681DBCA8A9089F9C5DD1A766036056","arquivo-compactado","Conteúdo idêntico a arquivo já preservado."
"monitoramento-energetico.zip!monitoramento-energetico/docs/imagens/P2.jpg","hardware/evidencias/fotos/P2.jpg","DEDUPLICADO","3467381","D6790117948C9A221E64DB6277266AC81AFC3C1D95603FDAE608F5F430B7C239","arquivo-compactado","Conteúdo idêntico a arquivo já preservado."
"monitoramento-energetico.zip!monitoramento-energetico/firmware/leituras.csv","historico/repositorio-compactado/firmware/leituras.csv","EXTRAIDO","486959","50FBE867C11D8CFA1135E992972702E6E66EC0E370A3A420F3907D91EF1EFBE6","historico","Versão única encontrada no ZIP antigo."
"monitoramento-energetico.zip!monitoramento-energetico/firmware/main.py","historico/repositorio-compactado/firmware/main.py","EXTRAIDO","6783","AA06197CA11B288F1C81B4D03342B423006F90180CC3ABFC38A42151DF1B8999","historico","Versão única encontrada no ZIP antigo."
"monitoramento-energetico.zip!monitoramento-energetico/firmware/monitoramento_energetico/monitoramento_energetico.ino","historico/repositorio-compactado/firmware/monitoramento_energetico/monitoramento_energetico.ino","EXTRAIDO","11678","49A4832EBEAAD003AB2AD9E94EB979DACA31BA89498586CD3B60A610CBB43EF2","historico","Versão única encontrada no ZIP antigo."
"monitoramento-energetico.zip!monitoramento-energetico/firmware/README.md","historico/repositorio-compactado/firmware/README.md","EXTRAIDO","2003","5E507164FFE67600B5967407B9652416083E3AB65885364B196F69CBF6306240","historico","Versão única encontrada no ZIP antigo."
"monitoramento-energetico.zip!monitoramento-energetico/hardware/esquema-de-ligacao.md","historico/repositorio-compactado/hardware/esquema-de-ligacao.md","EXTRAIDO","3877","2B9503DC51C95B64EF001F39EBEFE6F20C145CB119BD7186B281C95053194643","historico","Versão única encontrada no ZIP antigo."
"monitoramento-energetico.zip!monitoramento-energetico/hardware/esquematicos/divisorTensao.png","hardware/esquematicos/divisorTensao.png","DEDUPLICADO","154151","B2F716F478EF0C79E635FD4F494EBFC680BA38D3F8051969AAFEA8DA2F2EF7B2","arquivo-compactado","Conteúdo idêntico a arquivo já preservado."
"monitoramento-energetico.zip!monitoramento-energetico/hardware/fotos/CI.jpg","hardware/evidencias/fotos/CI.jpg","DEDUPLICADO","4101325","B8A2F9089FFDF317574D6455C67B2657E90F9016A3A31B4572789BED66F725DE","arquivo-compactado","Conteúdo idêntico a arquivo já preservado."
"monitoramento-energetico.zip!monitoramento-energetico/hardware/lista-de-componentes.md","historico/repositorio-compactado/hardware/lista-de-componentes.md","EXTRAIDO","2728","6740DC90D64ADBF3843141A3B13BB233A91F0B99C70A9D4075AE457B6A67EA37","historico","Versão única encontrada no ZIP antigo."
"monitoramento-energetico.zip!monitoramento-energetico/hardware/montagem.md","historico/repositorio-compactado/hardware/montagem.md","EXTRAIDO","3190","A5D9B320A687516D74A289E50C5F83423690710D2A4C357C54925B69E36E3438","historico","Versão única encontrada no ZIP antigo."
"monitoramento-energetico.zip!monitoramento-energetico/hardware/README.md","historico/repositorio-compactado/hardware/README.md","EXTRAIDO","3691","8CCF510B33792CD05043A389331E3A93879DDE2AEDE7FBFADFE03DBF3C910B00","historico","Versão única encontrada no ZIP antigo."
"monitoramento-energetico.zip!monitoramento-energetico/README.md","historico/repositorio-compactado/README.md","EXTRAIDO","553","EB38F246956CA8AE3D305F78FB3C91996AE26728017B019A84D56E69521C7FB5","historico","Versão única encontrada no ZIP antigo."
"monitoramento-energetico/monitoramento-energetico","","EXCLUIDO","0","","gitlink-quebrado","Referência de submódulo sem .gitmodules e sem conteúdo de trabalho."
"notas/commit.txt","historico/anotacoes/commit.txt","COPIADO","58","554B0E99E45668A30193C60F36612BD2E44258F6AD31C32895735419E71FDCFF","historico",""
"Organização das pastas/base_consolidada.csv","dados/processados/campanha-01/base_consolidada_primeiro_registro_legada.csv","RENOMEADO","529440","C51391D3DAFCF4E6A9DEBB63A049126330CC725F474BEBA9409336140B35CFB8","dados","Variante legada preservada até decisão metodológica."
"Organização das pastas/campanha01.zip","","EXPANDIDO","744688","40AC300A03ABC6B58B74423BA24EC20CC6CB630CD6D0A763BEBB5EC52A9B437E","arquivo-compactado","Conteúdo útil extraído; ZIP redundante não levado para a raiz nova."
"Organização das pastas/campanha01.zip!campanha01/Campanha Experimental 01.pdf","experimentos/2026-08-04_campanha-01-diagnostica/relatorios/campanha-experimental-original.pdf","EXTRAIDO","106811","2424E594B03A9377D7E0A2795B3477A306E186CFF07F7E4AC956EC80A4AB6CFB","experimento","Relatório original recuperado do ZIP."
"Organização das pastas/campanha01.zip!campanha01/foto1.png","experimentos/2026-08-04_campanha-01-diagnostica/evidencias/foto1.png","EXTRAIDO","579402","7A7FF641AF1E574FE6A6AE791F6A6777DDD58D6CD3F8234E35C3F63A669A97A0","experimento","Evidência única recuperada do ZIP."
"Organização das pastas/campanha01.zip!campanha01/leituras.csv","dados/brutos/campanha-01/leituras.csv","DEDUPLICADO","3217987","4E53B0999A6A9329E78B1D904B1900C71A185E80482241263715CA6F51DAD3CA","arquivo-compactado","Conteúdo idêntico a arquivo canônico."
"README.md","README.md","ADAPTADO","8760","3FB9F13B71AEB4768E3DECAC090AA977FE7F3789C49CB2F26ECBDCB69CC2BDF2","documentacao","Será ajustado à nova estrutura após a migração."
"relembrando/basico/basico.ino","historico/aprendizado/relembrando/basico/basico.ino","COPIADO","436","0DB75578F178726EA7F487BD14D8F69E3830A698DAC499C377501F26C3D35E8C","historico",""
"relembrando/basico/for/for.ino","historico/aprendizado/relembrando/basico/for/for.ino","COPIADO","779","A2EDC2B8183D4D717694C3B3221D1E19668C3BFE2378CD3DA6F83BECF4EF50CE","historico",""
"relembrando/basico/for/sketch_may13a/sketch_may13a.ino","historico/aprendizado/relembrando/basico/for/sketch_may13a/sketch_may13a.ino","COPIADO","926","CCF9013906642BA0422577ED7B839D338A7DBE6CA6F1DF6FCFE0328711E27739","historico",""
"relembrando/basico/if_else/if_else.ino","historico/aprendizado/relembrando/basico/if_else/if_else.ino","COPIADO","7051","8D51B91355221F29993818DAA39A8131AF987BE61FED0A98E17CBBADDB48DFBF","historico",""
"relembrando/basico/portas_digitais/portas_digitais.ino","historico/aprendizado/relembrando/basico/portas_digitais/portas_digitais.ino","COPIADO","784","3544CB7EFA1F7CE2F7DA34D147FB0A912F6D8665A1761BAD6FEB25F812DBFE92","historico",""
"relembrando/basico/Script - Q0012 - Tipos de Dados.txt","historico/aprendizado/relembrando/basico/Script - Q0012 - Tipos de Dados.txt","COPIADO","1268","8F997869876241B0810A1EAA0D2C409A91A26C5CE44A0D53174B116CF36485BF","historico",""
"relembrando/basico/variaveis/variaveis.ino","historico/aprendizado/relembrando/basico/variaveis/variaveis.ino","COPIADO","471","D57A95A2C4D863F5AEE656A3A4D7928D617224B1EDB518E18412A37E012A3C5C","historico",""
"requirements.txt","requirements.txt","COPIADO","6","AE4863BDAE026314D5994730AD24730434F256C274D8431C53ED537393992BE6","configuracao",""
"resultados/.gitkeep","","EXCLUIDO","2","7EB70257593DA06F682A3DDDA54A9D260D4FC514F645237F5CA74B08F8DA61A6","experimento","Desnecessário na estrutura nova."
"resultados/Campanha Experimental Corrigida.pdf","experimentos/2026-08-04_campanha-01-diagnostica/relatorios/campanha-experimental-corrigida.pdf","RENOMEADO","80849","A69A7FB3FFFC3ED441885AFC7EC6A12799045D8660D71EC0D712397843B0CB04","experimento",""
"semana/semana1","","EXCLUIDO","0","E3B0C44298FC1C149AFBF4C8996FB92427AE41E4649B934CA495991B7852B855","historico","Placeholder vazio; a pasta é preservada por arquivos reais ou documentação."
"semana/semana1_/codigo_arduino_semana1/codigo_arduino_receptor.py","historico/acompanhamento/semana/semana1_/codigo_arduino_semana1/codigo_arduino_receptor.py","COPIADO","1686","724E4ED6E656D8A55CFD7D28D88F320D3204A56686B6BFAD45921FF9D79104E4","historico",""
"semana/semana1_/codigo_arduino_semana1/codigo_arduino_semana1.ino","historico/acompanhamento/semana/semana1_/codigo_arduino_semana1/codigo_arduino_semana1.ino","COPIADO","434","925932145B5BC4A13F7818DB825C83BA6DE129BD514AE3BA76037CB5542617AC","historico",""
"semana/semana1_/Funky Crift-Hango.png","historico/acompanhamento/semana/semana1_/Funky Crift-Hango.png","COPIADO","129697","E406DB9A98AEED8BD0538454BB2FCA05D1C40DC3D2402B8D55FC66F87AA803C5","historico",""
"semana/semana1_/primeiro_fluxo_ic1.ino","historico/acompanhamento/semana/semana1_/primeiro_fluxo_ic1.ino","COPIADO","434","925932145B5BC4A13F7818DB825C83BA6DE129BD514AE3BA76037CB5542617AC","historico",""
"semana/semana1_/semana1","","EXCLUIDO","0","E3B0C44298FC1C149AFBF4C8996FB92427AE41E4649B934CA495991B7852B855","historico","Placeholder vazio; a pasta é preservada por arquivos reais ou documentação."
"semana/semana6_7/atividades/circuitotk.txt","","EXCLUIDO","0","E3B0C44298FC1C149AFBF4C8996FB92427AE41E4649B934CA495991B7852B855","historico","Placeholder vazio; a pasta é preservada por arquivos reais ou documentação."
"semana/semana6_7/atividades/estudo.txt","historico/acompanhamento/semana/semana6_7/atividades/estudo.txt","COPIADO","4575","5AD3FB0348FCB762AF5A65151A57D98E31919D09D2B402D1E1D754D5749C3FA8","historico",""
"semana/semana6_7/atividades/jackp2.webp","historico/acompanhamento/semana/semana6_7/atividades/jackp2.webp","COPIADO","15778","B6B060367005966D89CD5CB3380027C5B25564BFBBB8696DBC2FA15CD222DAA7","historico",""
"semana/semana6_7/atividades/revisao_circuito.txt","historico/acompanhamento/semana/semana6_7/atividades/revisao_circuito.txt","COPIADO","5183","936AF0628B3D45C4DC8A44CFDC174ED6B4E215A942115ADB444CD19CDF8C8BBB","historico",""
"semana/semana6_7/atividades/sctimg.jfif","historico/acompanhamento/semana/semana6_7/atividades/sctimg.jfif","COPIADO","16663","D9E363D1684F1158EBDA7F0DE80E7162ECC9E646E512FDB0A191A48F58D5718F","historico",""
"semana/semana6_7/geral/geral_.pdf","historico/acompanhamento/semana/semana6_7/geral/geral_.pdf","COPIADO","2226460","6C042ADDBA0ECD705D51D719C314E381BFC3C9D49C7C38D9874C83094D493B5D","historico",""
"semana/semana6_7/geral/ideiais.txt","historico/acompanhamento/semana/semana6_7/geral/ideiais.txt","COPIADO","2838","46F48E26BA999B8C2BEA7D5A098C08E6CC7232BAA7A68F345AD89A83FBC2F8DE","historico",""
"semana/semana6_7/geral/orientacao_semana6.txt","historico/acompanhamento/semana/semana6_7/geral/orientacao_semana6.txt","COPIADO","4496","97CE48195607DED9BE597809DFAD497EF19BDD675CB09403E298122C3F47DDA7","historico",""
"semana/semana6_7/geral/tudo.txt","historico/acompanhamento/semana/semana6_7/geral/tudo.txt","COPIADO","623","692420D885F4A2E6B76767E987D0CCE4648CCB15DC939F3622775E7F209903F1","historico",""
"semana/semana6_7/montagemTema1/exemplo1.txt","historico/acompanhamento/semana/semana6_7/montagemTema1/exemplo1.txt","COPIADO","51","F28B700D510B0F07C2BC94D27F835B3BCD35235DBDB1A8EBFF112D6385030D26","historico",""
"semana/semana6_7/montagemTema2/g861-1024x576.png","historico/acompanhamento/semana/semana6_7/montagemTema2/g861-1024x576.png","COPIADO","201136","526A0135FDD73DAE6E4FE97E0468FA02995ABDD7CE7E9342655DAAD10D559B47","historico",""
"semana/semana6_7/montagemTema2/Sem-título-2.webp","historico/acompanhamento/semana/semana6_7/montagemTema2/Sem-título-2.webp","COPIADO","28530","CDBE8878C9C8B4542C1C65F19552D7417FC15C30D2E095BE30F5A9D3D82E54B2","historico",""
"semana/semana6_7/montagemTema3/como_swria.txt","historico/acompanhamento/semana/semana6_7/montagemTema3/como_swria.txt","COPIADO","1211","49F210A7FFFCF1F0140C3D2F9A65437793B24355F4CFDFDDA2DF54E2D4E8E788","historico",""
"semana/semana6_7/montagemTema3/projetos_reais.txt","historico/acompanhamento/semana/semana6_7/montagemTema3/projetos_reais.txt","COPIADO","3525","6B903674263F6175239B683DB8EC02EB542BF4DE3217EB983CB7443ACB9B100E","historico",""
"semana/semana6_7/tema1/ads1115-ADC-with-esp32.jpeg","historico/acompanhamento/semana/semana6_7/tema1/ads1115-ADC-with-esp32.jpeg","COPIADO","408371","40D582F755D359C7B36C834292DC76F45B5D6E8F96B893736BE494825B120138","historico",""
"semana/semana6_7/tema1/ADS1115-external-ADC-with-ESP32.webp","historico/acompanhamento/semana/semana6_7/tema1/ADS1115-external-ADC-with-ESP32.webp","COPIADO","44488","DFDB48659D5106693C7EDF19BBB33C47A066B922915D6218C5B6C0DD9E53E768","historico",""
"semana/semana6_7/tema1/analogread.avif","historico/acompanhamento/semana/semana6_7/tema1/analogread.avif","COPIADO","27253","94FBA88CA4ACF9258E2F4586EAC753271D8B9D8AE3E47E27B1F8A847C6A5B373","historico",""
"semana/semana6_7/tema1/ESP32-ADC-Pins_ilustracao.png","historico/acompanhamento/semana/semana6_7/tema1/ESP32-ADC-Pins_ilustracao.png","COPIADO","21040","AE1754D2AB6A8561086B3237CB7B638ADFD538E302BB04C1DAEFF9DE7FCC70C8","historico",""
"semana/semana6_7/tema1/pesquisa.txt","historico/acompanhamento/semana/semana6_7/tema1/pesquisa.txt","COPIADO","4552","FF2BFAA268ACFC1F7EB25E8C246797F68B6AC20D6C692281CB2D4BF8B46E77A5","historico",""
"semana/semana6_7/tema1/sct013_corrente_alternadaTK.webp","historico/acompanhamento/semana/semana6_7/tema1/sct013_corrente_alternadaTK.webp","COPIADO","28530","CDBE8878C9C8B4542C1C65F19552D7417FC15C30D2E095BE30F5A9D3D82E54B2","historico",""
"semana/semana6_7/tema1/tema1.txt","historico/acompanhamento/semana/semana6_7/tema1/tema1.txt","COPIADO","4370","9AEDB959FAAB159485A60B655C5DF9D3E1BADF7C1F55C62F75E45CBCF42CC1B6","historico",""
"semana/semana6_7/tema2/acvsdc_resolucao.txt","historico/acompanhamento/semana/semana6_7/tema2/acvsdc_resolucao.txt","COPIADO","9327","F440142829242F966B512B08365EF50341FB716A289101B7D039C06D87E21502","historico",""
"semana/semana6_7/tema2/cenario_ideal.txt","","EXCLUIDO","0","E3B0C44298FC1C149AFBF4C8996FB92427AE41E4649B934CA495991B7852B855","historico","Placeholder vazio; a pasta é preservada por arquivos reais ou documentação."
"semana/semana6_7/tema2/explicacoes.txt","historico/acompanhamento/semana/semana6_7/tema2/explicacoes.txt","COPIADO","5506","598388F60ECBADCDD0C6FC57819B924C2F45AB06DCA365F5B360EA7414DB8DA6","historico",""
"semana/semana6_7/tema2/FILTRO_PASSA_BASSO_RCtk.png","historico/acompanhamento/semana/semana6_7/tema2/FILTRO_PASSA_BASSO_RCtk.png","COPIADO","74049","8EFF26AE1372618AEE74B2D49045BBE4540055214299F150F198CF077ED0BB4F","historico",""
"semana/semana6_7/tema2/ilustracao_scrt013.jpg","historico/acompanhamento/semana/semana6_7/tema2/ilustracao_scrt013.jpg","COPIADO","67209","2BE13CA1E994775FD1BB8EF3B70FCF1395243875D9B3F9ACD546353205FF1786","historico",""
"semana/semana6_7/tema2/montagem_adaptada.txt","historico/acompanhamento/semana/semana6_7/tema2/montagem_adaptada.txt","COPIADO","4117","198B1EB04B0E1F980B2283B6A661761C17B9DAD079CC404DDE11411E35E6738E","historico",""
"semana/semana6_7/tema2/montagem_sdaptada_img.jfif","historico/acompanhamento/semana/semana6_7/tema2/montagem_sdaptada_img.jfif","COPIADO","68284","A6E720306F9AD04801721356283AEE44956DDFEB65355F826CB7AEFD5EB76A3F","historico",""
"semana/semana6_7/tema2/montagem_solucao_addc.jfif","historico/acompanhamento/semana/semana6_7/tema2/montagem_solucao_addc.jfif","COPIADO","129859","99870F7C730D717921AD4C627869483DCC1CD5B0D0C51BAA0F08E8BB1FB72817","historico",""
"semana/semana6_7/tema2/montagem_tk.txt","historico/acompanhamento/semana/semana6_7/tema2/montagem_tk.txt","COPIADO","2193","297BA7EC8F0E3950B73DCBC74EE4B0D95232130989660BB8A91E564F6BFA9C48","historico",""
"semana/semana6_7/tema2/montagem_visual_adaptada_td_solucao.jfif","historico/acompanhamento/semana/semana6_7/tema2/montagem_visual_adaptada_td_solucao.jfif","COPIADO","123872","402F89350F2784B2802B561CF4948D3F4BD07B137D378E14218ACB570224A881","historico",""
"semana/semana6_7/tema2/MontagemIdeal.jpeg","historico/acompanhamento/semana/semana6_7/tema2/MontagemIdeal.jpeg","COPIADO","98330","DB49DEEF4A186C4AF1CB1E85776E2AA0FDD0E3004ECA89E983EBFE69DFE480F5","historico",""
"semana/semana6_7/tema2/montagemTK.txt","historico/acompanhamento/semana/semana6_7/tema2/montagemTK.txt","COPIADO","2687","DD5E1AA7EF4D4E29EC4085A7839A65A5D5E9499F351CD3E79A3D1E436F788E8B","historico",""
"semana/semana6_7/tema2/nucleo_magnetico_ferrite.jpg","historico/acompanhamento/semana/semana6_7/tema2/nucleo_magnetico_ferrite.jpg","COPIADO","29031","A368D247A219D2B6C195771E19D0B26AF9B5FAE51EADA2B02059ED54B6E99C56","historico",""
"semana/semana6_7/tema2/saida_em_tensao_SCT-013-050.webp","historico/acompanhamento/semana/semana6_7/tema2/saida_em_tensao_SCT-013-050.webp","COPIADO","14172","9789369FD805E67CC0CEDB4DAA84D1EEB90A4AA7D1A30C27AC4734B30C27CCB0","historico",""
"semana/semana6_7/tema2/saida_tensao_SCT-013-030.jpg","historico/acompanhamento/semana/semana6_7/tema2/saida_tensao_SCT-013-030.jpg","COPIADO","50553","16A3550BA3A5797B0767AF54354DF54E4108D93E469C7B733B1FE1387A0182E1","historico",""
"semana/semana6_7/tema2/SCT-013-DESTAQUE.webp","historico/acompanhamento/semana/semana6_7/tema2/SCT-013-DESTAQUE.webp","COPIADO","70174","27411BE1293D7D4119272C1E80FB557E0B9DA7E673C52A87B18C2A4C4D49FA5A","historico",""
"semana/semana6_7/tema2/sct013_sensor_correntenaoinvasivo_100a.png","historico/acompanhamento/semana/semana6_7/tema2/sct013_sensor_correntenaoinvasivo_100a.png","COPIADO","201136","526A0135FDD73DAE6E4FE97E0468FA02995ABDD7CE7E9342655DAAD10D559B47","historico",""
"semana/semana6_7/tema2/sensor_sct013_saidaemCorrtente.jpg","historico/acompanhamento/semana/semana6_7/tema2/sensor_sct013_saidaemCorrtente.jpg","COPIADO","57068","79BBC6FFAE97BA450CEC46A44E35E24A8896941B22E1BBA63F49FB081DA5361A","historico",""
"semana/semana6_7/tema2/SIMULACAO_passa_baixas_TK.png","historico/acompanhamento/semana/semana6_7/tema2/SIMULACAO_passa_baixas_TK.png","COPIADO","67631","9FC0954DF234116CF04150F4E710A85C76C4110605A801CEED3A0579187B0BBB","historico",""
"semana/semana6_7/tema2/tema2.txt","historico/acompanhamento/semana/semana6_7/tema2/tema2.txt","COPIADO","3329","711A429DD17EF1973991E55E4339B65C3E8667B810FB7EF5E3E984ED8CF9885B","historico",""
"semana/semana6_7/tema3/codigo_exemplo_offset.txt","historico/acompanhamento/semana/semana6_7/tema3/codigo_exemplo_offset.txt","COPIADO","1568","4747DF73E33063BB33EAF9C97850EC39E31886F231DCE417F84667FF6C147C23","historico",""
"semana/semana6_7/tema3/como_aplicar_offset.txt","historico/acompanhamento/semana/semana6_7/tema3/como_aplicar_offset.txt","COPIADO","3128","611DED5F43C989B3878BE3123373A47B540DFCCCED39B66258B5623424138EA4","historico",""
"semana/semana6_7/tema3/tema3.txt","historico/acompanhamento/semana/semana6_7/tema3/tema3.txt","COPIADO","3161","D6D193DD113D9620495734DFEDF910BBABC22DD60BBB9E5428EEBDC330542D2B","historico",""
"semana8_9/Atividades_5_6/Relatório de Diagnóstico .pdf","historico/acompanhamento/semana8_9/Atividades_5_6/Relatório de Diagnóstico .pdf","COPIADO","247129","7C6753194FE30AEC118F6F592B3CF0583C7D73C5360446ACC1088C70E84000C9","historico",""
